steps_mean,steps_median,steps_std,steps_min,steps_max,apples_mean,apples_median,apples_std,apples_min,apples_max,fitness_mean,fitness_median,fitness_std,fitness_min,fitness_max
4.42,4.0,3.0808440401941803,1.0,20.0,0.064,0.0,0.25279240494919936,0.0,2.0,39.6275634068815,5.0,152.0878628274725,2.0,2149.890070823094
4.462,4.0,3.033901119021515,1.0,20.0,0.042,0.0,0.20058913230780973,0.0,1.0,26.425560533531826,5.0,100.54647254126141,2.0,510.37141366045626
5.8,6.0,2.9257477676655586,3.0,11.0,0.2,0.0,0.4000000000000001,0.0,1.0,106.66119591936294,7.0,199.84378469231734,4.0,506.3059795968147
